﻿<?xml version="1.0" encoding="utf-8"?>
<BindingInfo xmlns:xsi="http://www.w3.org/2001/XMLSchema-instance" xmlns:xsd="http://www.w3.org/2001/XMLSchema" Assembly="Microsoft.BizTalk.Deployment, Version=3.0.1.0, Culture=neutral, PublicKeyToken=31bf3856ad364e35" Version="3.5.1.0" BindingStatus="NoBindings" BoundEndpoints="0" TotalEndpoints="0">
  <Timestamp>2012-07-07T01:15:15.9498815-05:00</Timestamp>
  <ModuleRefCollection>
    <ModuleRef Name="[Application:BizTalk Application 1]" Version="" Culture="" PublicKeyToken="" FullName="[Application:BizTalk Application 1], Version=, Culture=, PublicKeyToken=">
      <Services />
      <TrackedSchemas />
    </ModuleRef>
  </ModuleRefCollection>
  <SendPortCollection />
  <DistributionListCollection />
  <ReceivePortCollection />
  <PartyCollection xsi:nil="true" />
</BindingInfo>