<?xml version="1.0"?>
<?mso-application progid="Excel.Sheet"?>
<Workbook xmlns="urn:schemas-microsoft-com:office:spreadsheet"
 xmlns:o="urn:schemas-microsoft-com:office:office"
 xmlns:x="urn:schemas-microsoft-com:office:excel"
 xmlns:ss="urn:schemas-microsoft-com:office:spreadsheet"
 xmlns:html="http://www.w3.org/TR/REC-html40">
 <DocumentProperties xmlns="urn:schemas-microsoft-com:office:office">
  <Created>2014-03-24T21:26:46Z</Created>
  <LastSaved>2022-06-01T16:55:31Z</LastSaved>
  <Version>16.00</Version>
 </DocumentProperties>
 <OfficeDocumentSettings xmlns="urn:schemas-microsoft-com:office:office">
  <AllowPNG/>
  <RemovePersonalInformation/>
 </OfficeDocumentSettings>
 <ExcelWorkbook xmlns="urn:schemas-microsoft-com:office:excel">
  <WindowHeight>7020</WindowHeight>
  <WindowWidth>20520</WindowWidth>
  <WindowTopX>0</WindowTopX>
  <WindowTopY>0</WindowTopY>
  <ProtectStructure>False</ProtectStructure>
  <ProtectWindows>False</ProtectWindows>
 </ExcelWorkbook>
 <Styles>
  <Style ss:ID="Default" ss:Name="Normal">
   <Alignment ss:Vertical="Bottom"/>
   <Borders/>
   <Font ss:FontName="Calibri" x:Family="Swiss" ss:Color="#000000"/>
   <Interior/>
   <NumberFormat/>
   <Protection/>
  </Style>
  <Style ss:ID="s40" ss:Name="40% - Accent1">
   <Font ss:FontName="Calibri" x:Family="Swiss" ss:Color="#000000"/>
   <Interior ss:Color="#B8CCE4" ss:Pattern="Solid"/>
  </Style>
  <Style ss:ID="s62" ss:Name="40% - Accent1 Bold">
   <Font ss:FontName="Calibri" x:Family="Swiss" ss:Color="#000000" ss:Bold="1"/>
   <Interior ss:Color="#B8CCE4" ss:Pattern="Solid"/>
   <NumberFormat/>
  </Style>
  <Style ss:ID="s63" ss:Name="Hyperlink">
   <Font ss:FontName="Calibri" x:Family="Swiss" ss:Color="#0000FF"
    ss:Underline="Single"/>
  </Style>
  <Style ss:ID="s64" ss:Name="Normal Bold">
   <Alignment ss:Vertical="Bottom"/>
   <Borders/>
   <Font ss:FontName="Calibri" x:Family="Swiss" ss:Color="#000000" ss:Bold="1"/>
   <Interior/>
   <NumberFormat/>
   <Protection/>
  </Style>
  <Style ss:ID="s68" ss:Parent="s62">
   <Font ss:FontName="Calibri" x:Family="Swiss" ss:Size="16" ss:Color="#000000"
    ss:Bold="1"/>
  </Style>
  <Style ss:ID="s72">
   <Font ss:FontName="Segoe UI" x:Family="Swiss" ss:Color="#000000"/>
  </Style>
  <Style ss:ID="s74" ss:Parent="s63">
   <Alignment ss:Vertical="Center"/>
  </Style>
  <Style ss:ID="s76">
   <Font ss:FontName="Segoe UI" x:Family="Swiss" ss:Size="11" ss:Color="#242424"/>
  </Style>
 </Styles>
 <Worksheet ss:Name="Settings">
  <Table ss:ExpandedColumnCount="8" ss:ExpandedRowCount="24" x:FullColumns="1"
   x:FullRows="1">
   <Column ss:StyleID="s64" ss:AutoFitWidth="0" ss:Width="161.25"/>
   <Column ss:AutoFitWidth="0" ss:Width="178.5"/>
   <Column ss:AutoFitWidth="0" ss:Width="161.25"/>
   <Column ss:AutoFitWidth="0" ss:Width="208.5"/>
   <Column ss:AutoFitWidth="0" ss:Width="161.25"/>
   <Column ss:AutoFitWidth="0" ss:Width="234.75"/>
   <Column ss:AutoFitWidth="0" ss:Width="259.5"/>
   <Column ss:AutoFitWidth="0" ss:Width="244.5"/>
   <Row ss:AutoFitHeight="0" ss:Height="21">
    <Cell ss:StyleID="s68"><Data ss:Type="String">Environment Settings</Data></Cell>
    <Cell ss:StyleID="s62"/>
    <Cell ss:StyleID="s62"/>
    <Cell ss:StyleID="s62"/>
    <Cell ss:StyleID="s62"/>
    <Cell ss:StyleID="s62"/>
    <Cell ss:StyleID="s62"/>
    <Cell ss:StyleID="s62"/>
   </Row>
   <Row ss:AutoFitHeight="0" ss:Height="13.6875">
    <Cell ss:StyleID="s62"><Data ss:Type="String">Environment Name:</Data></Cell>
    <Cell ss:StyleID="s62"><Data ss:Type="String">Default Values</Data></Cell>
    <Cell ss:StyleID="s62"><Data ss:Type="String">Local Development</Data></Cell>
    <Cell ss:StyleID="s62"><Data ss:Type="String">Shared Development</Data></Cell>
    <Cell ss:StyleID="s62"><Data ss:Type="String">Test</Data></Cell>
    <Cell ss:StyleID="s62"><Data ss:Type="String">Stage</Data></Cell>
    <Cell ss:StyleID="s62"><Data ss:Type="String">Production</Data></Cell>
    <Cell ss:StyleID="s62"><Data ss:Type="String">Octopus_Deploy</Data></Cell>
   </Row>
   <Row ss:AutoFitHeight="0" ss:Height="13.6875">
    <Cell ss:StyleID="s62"><Data ss:Type="String">Generate File?</Data></Cell>
    <Cell ss:StyleID="s40"/>
    <Cell ss:StyleID="s40"><Data ss:Type="String">Yes</Data></Cell>
    <Cell ss:StyleID="s40"><Data ss:Type="String">Yes</Data></Cell>
    <Cell ss:StyleID="s40"><Data ss:Type="String">Yes</Data></Cell>
    <Cell ss:StyleID="s40"><Data ss:Type="String">Yes</Data></Cell>
    <Cell ss:StyleID="s40"><Data ss:Type="String">Yes</Data></Cell>
    <Cell ss:StyleID="s40"><Data ss:Type="String">Yes</Data></Cell>
   </Row>
   <Row ss:AutoFitHeight="0" ss:Height="13.6875">
    <Cell ss:StyleID="s62"><Data ss:Type="String">Settings File Name:</Data></Cell>
    <Cell ss:StyleID="s40"/>
    <Cell ss:StyleID="s40"><Data ss:Type="String">Exported_LocalSettings.xml</Data></Cell>
    <Cell ss:StyleID="s40"><Data ss:Type="String">Exported_DevSettings.xml</Data></Cell>
    <Cell ss:StyleID="s40"><Data ss:Type="String">Exported_TestSettings.xml</Data></Cell>
    <Cell ss:StyleID="s40"><Data ss:Type="String">Exported_StageSettings.xml</Data></Cell>
    <Cell ss:StyleID="s40"><Data ss:Type="String">Exported_ProdSettings.xml</Data></Cell>
    <Cell ss:StyleID="s40"><Data ss:Type="String">Exported_ODSettings.xml</Data></Cell>
   </Row>
   <Row ss:AutoFitHeight="0" ss:Height="13.6875">
    <Cell ss:StyleID="s62"/>
    <Cell ss:StyleID="s40"/>
    <Cell ss:StyleID="s40"/>
    <Cell ss:StyleID="s40"/>
    <Cell ss:StyleID="s40"/>
    <Cell ss:StyleID="s40"/>
    <Cell ss:StyleID="s40"/>
    <Cell ss:StyleID="s40"/>
   </Row>
   <Row ss:AutoFitHeight="0" ss:Height="13.6875">
    <Cell ss:StyleID="s62"><Data ss:Type="String">Settings:</Data></Cell>
    <Cell ss:StyleID="s40"/>
    <Cell ss:StyleID="s40"/>
    <Cell ss:StyleID="s40"/>
    <Cell ss:StyleID="s40"/>
    <Cell ss:StyleID="s40"/>
    <Cell ss:StyleID="s40"/>
    <Cell ss:StyleID="s40"/>
   </Row>
   <Row ss:AutoFitHeight="0" ss:Height="13.6875">
    <Cell><Data ss:Type="String">SsoAppUserGroup</Data></Cell>
    <Cell><Data ss:Type="String">BizTalk Application Users</Data></Cell>
    <Cell><Data ss:Type="String">BizTalk Application Users</Data></Cell>
    <Cell><Data ss:Type="String">FTFCU\SG-DEVBTS-SrvAdmin</Data></Cell>
    <Cell><Data ss:Type="String">FTFCU\SG-QABTS-AppUsers</Data></Cell>
    <Cell><Data ss:Type="String">FTFCU\SG-STGBTS-AppUsers</Data></Cell>
    <Cell><Data ss:Type="String">FTFCU\SG-PRODBTS-APPUsers</Data></Cell>
    <Cell><Data ss:Type="String">#{ES_SsoAppUserGroup}</Data></Cell>
   </Row>
   <Row ss:AutoFitHeight="0" ss:Height="13.6875">
    <Cell><Data ss:Type="String">SsoAppAdminGroup</Data></Cell>
    <Cell><Data ss:Type="String">BizTalk Server Administrators</Data></Cell>
    <Cell><Data ss:Type="String">BizTalk Server Administrators</Data></Cell>
    <Cell><Data ss:Type="String">FTFCU\SG-DEVBTS-SrvAdmin</Data></Cell>
    <Cell><Data ss:Type="String">FTFCU\SG-QABTS-SrvAdmin</Data></Cell>
    <Cell><Data ss:Type="String">FTFCU\SG-STGBTS-SrvAdmin</Data></Cell>
    <Cell><Data ss:Type="String">FTFCU\SG-PRODBTS-SrvAdmin</Data></Cell>
    <Cell><Data ss:Type="String">#{ES_SsoAppAdminGroup}</Data></Cell>
   </Row>
   <Row ss:AutoFitHeight="0" ss:Height="13.6875">
    <Cell><Data ss:Type="String">FeatureSpaceACHEndPoint</Data></Cell>
    <Cell><Data ss:Type="String">https://api.first-tech-dev.aric.featurespace.co.uk/events</Data></Cell>
    <Cell><Data ss:Type="String">https://api.first-tech-dev.aric.featurespace.co.uk/events</Data></Cell>
    <Cell><Data ss:Type="String">https://api.first-tech-dev.aric.featurespace.co.uk/events</Data></Cell>
    <Cell><Data ss:Type="String">https://api.first-tech-dev.aric.featurespace.co.uk/events</Data></Cell>
    <Cell><Data ss:Type="String">https://api.first-tech-dev.aric.featurespace.co.uk/events</Data></Cell>
    <Cell><Data ss:Type="String">https://api.first-tech-dev.aric.featurespace.co.uk/events</Data></Cell>
    <Cell><Data ss:Type="String">#{ES_FeatureSpaceACHEndPoint}</Data></Cell>
   </Row>
   <Row ss:AutoFitHeight="0" ss:Height="13.6875">
    <Cell><Data ss:Type="String">FeatureSpaceBillPayEndPoint</Data></Cell>
    <Cell><Data ss:Type="String">https://api.first-tech-dev.aric.featurespace.co.uk/events</Data></Cell>
    <Cell><Data ss:Type="String">https://api.first-tech-dev.aric.featurespace.co.uk/events</Data></Cell>
    <Cell><Data ss:Type="String">https://api.first-tech-dev.aric.featurespace.co.uk/events</Data></Cell>
    <Cell><Data ss:Type="String">https://api.first-tech-dev.aric.featurespace.co.uk/events</Data></Cell>
    <Cell><Data ss:Type="String">https://api.first-tech-dev.aric.featurespace.co.uk/events</Data></Cell>
    <Cell><Data ss:Type="String">https://api.first-tech-dev.aric.featurespace.co.uk/events</Data></Cell>
    <Cell><Data ss:Type="String">#{ES_FeatureSpaceBillPayEndPoint}</Data></Cell>
   </Row>
   <Row ss:AutoFitHeight="0" ss:Height="13.6875">
    <Cell><Data ss:Type="String">FeatureSpaceWiresEndPoint</Data></Cell>
    <Cell><Data ss:Type="String">https://api.first-tech-dev.aric.featurespace.co.uk/events</Data></Cell>
    <Cell><Data ss:Type="String">https://api.first-tech-dev.aric.featurespace.co.uk/events</Data></Cell>
    <Cell><Data ss:Type="String">https://api.first-tech-dev.aric.featurespace.co.uk/events</Data></Cell>
    <Cell><Data ss:Type="String">https://api.first-tech-dev.aric.featurespace.co.uk/events</Data></Cell>
    <Cell><Data ss:Type="String">https://api.first-tech-dev.aric.featurespace.co.uk/events</Data></Cell>
    <Cell><Data ss:Type="String">https://api.first-tech-dev.aric.featurespace.co.uk/events</Data></Cell>
    <Cell><Data ss:Type="String">#{ES_FeatureSpaceWiresEndPoint}</Data></Cell>
   </Row>
   <Row ss:AutoFitHeight="0" ss:Height="13.6875">
    <Cell><Data ss:Type="String">DNADepositSQL</Data></Cell>
    <Cell><Data ss:Type="String">mssql://dsqla_h_lsn1//D_Actimize?</Data></Cell>
    <Cell><Data ss:Type="String">mssql://dsqla_h_lsn1//D_Actimize?</Data></Cell>
    <Cell><Data ss:Type="String">mssql://dsqla_h_lsn1//D_Actimize?</Data></Cell>
    <Cell><Data ss:Type="String">mssql://dsqla_h_lsn1//Q_Actimize?</Data></Cell>
    <Cell><Data ss:Type="String">mssql://SSQLA_H_LSN1//S_Actimize?</Data></Cell>
    <Cell><Data ss:Type="String">mssql://dsqla_h_lsn1//P_Actimize?</Data></Cell>
    <Cell><Data ss:Type="String">#{ES_DNADepositSQL}</Data></Cell>
   </Row>
   <Row ss:AutoFitHeight="0" ss:Height="13.6875">
    <Cell><Data ss:Type="String">DNAOracleDB</Data></Cell>
    <Cell><Data ss:Type="String">oracledb://10.4.1.26:5004/DNATST4.world/Dedicated</Data></Cell>
    <Cell><Data ss:Type="String">oracledb://10.4.1.26:5004/DNATST4.world/Dedicated</Data></Cell>
    <Cell><Data ss:Type="String">oracledb://10.4.1.26:5004/DNATST4.world/Dedicated</Data></Cell>
    <Cell><Data ss:Type="String">oracledb://10.4.1.26:5004/DNATST4.world/Dedicated</Data></Cell>
    <Cell><Data ss:Type="String">oracledb://10.4.1.26:5004/DNATST4.world/Dedicated</Data></Cell>
    <Cell><Data ss:Type="String">oracledb://ftfdprod:1521/FTFDPROD.WORLD/Dedicated</Data></Cell>
    <Cell><Data ss:Type="String">#{ES_DNAOracleDB}</Data></Cell>
   </Row>
   <Row ss:AutoFitHeight="0" ss:Height="14.25">
    <Cell><Data ss:Type="String">DNAPassword</Data></Cell>
    <Cell ss:StyleID="s72"><Data ss:Type="String">QiaU_0T7_tst4</Data></Cell>
    <Cell ss:StyleID="s72"><Data ss:Type="String">QiaU_0T7_tst4</Data></Cell>
    <Cell ss:StyleID="s72"><Data ss:Type="String">QiaU_0T7_tst4</Data></Cell>
    <Cell ss:StyleID="s72"><Data ss:Type="String">QiaU_0T7_tst4</Data></Cell>
    <Cell ss:StyleID="s72"><Data ss:Type="String">QiaU_0T7_tst4</Data></Cell>
    <Cell ss:StyleID="s72"/>
    <Cell ss:StyleID="s72"><Data ss:Type="String">#{ES_DNAPassword}</Data></Cell>
   </Row>
   <Row ss:AutoFitHeight="0" ss:Height="13.6875">
    <Cell><Data ss:Type="String">DNAUserName</Data></Cell>
    <Cell><Data ss:Type="String">BIZTALK_SVC</Data></Cell>
    <Cell><Data ss:Type="String">BIZTALK_SVC</Data></Cell>
    <Cell><Data ss:Type="String">BIZTALK_SVC</Data></Cell>
    <Cell><Data ss:Type="String">BIZTALK_SVC</Data></Cell>
    <Cell><Data ss:Type="String">BIZTALK_SVC</Data></Cell>
    <Cell><Data ss:Type="String">BIZTALK_SVC</Data></Cell>
    <Cell><Data ss:Type="String">#{ES_DNAUserName}</Data></Cell>
   </Row>
   <Row ss:AutoFitHeight="0" ss:Height="13.6875">
    <Cell><Data ss:Type="String">PegaServer</Data></Cell>
    <Cell ss:StyleID="s74"><Data ss:Type="String">https://ftfcu-ftmam-dt1-internal.pegacloud.net</Data></Cell>
    <Cell ss:StyleID="s63"><Data ss:Type="String">https://ftfcu-ftmam-dt1-internal.pegacloud.net</Data></Cell>
    <Cell ss:StyleID="s63"><Data ss:Type="String">https://ftfcu-ftmam-test.pegacloud.net</Data></Cell>
    <Cell ss:StyleID="s63"><Data ss:Type="String">https://ftfcu-ftmam-test.pegacloud.net</Data></Cell>
    <Cell ss:StyleID="s63"><Data ss:Type="String">https://ftfcu-ftmam-stg1.pegacloud.net</Data></Cell>
    <Cell ss:StyleID="s63"><Data ss:Type="String">https://ftfcu-ftmam-prod1.pegacloud.net</Data></Cell>
    <Cell><Data ss:Type="String">#{ES_PegaServer}</Data></Cell>
   </Row>
   <Row ss:AutoFitHeight="0" ss:Height="13.6875">
    <Cell><Data ss:Type="String">APIAuthPassword</Data></Cell>
    <Cell><Data ss:Type="String">X2&gt;+&gt;u292J2mahMG</Data></Cell>
    <Cell><Data ss:Type="String">X2&gt;+&gt;u292J2mahMG</Data></Cell>
    <Cell><Data ss:Type="String">X2&gt;+&gt;u292J2mahMG</Data></Cell>
    <Cell><Data ss:Type="String">g&gt;2FJ6Y&lt;C&gt;&lt;86a4+</Data></Cell>
    <Cell><Data ss:Type="String">&lt;4AP+&gt;6F4&lt;79qz+4</Data></Cell>
    <Cell><Data ss:Type="String">&lt;4AP+&gt;6F4&lt;79qz+4</Data></Cell>
    <Cell><Data ss:Type="String">#{ES_APIAuthPassword}</Data></Cell>
   </Row>
   <Row ss:AutoFitHeight="0" ss:Height="13.6875">
    <Cell><Data ss:Type="String">APIAuthUsername</Data></Cell>
    <Cell><Data ss:Type="String">FTFCU\SVC_BIZTALK-ADDEV</Data></Cell>
    <Cell><Data ss:Type="String">FTFCU\SVC_BIZTALK-ADDEV</Data></Cell>
    <Cell><Data ss:Type="String">FTFCU\SVC_BIZTALK-ADDEV</Data></Cell>
    <Cell><Data ss:Type="String">FTFCU\svc_BizTalk-ADQA</Data></Cell>
    <Cell><Data ss:Type="String">FTFCU\SVC_BIZTALK-ADSTG</Data></Cell>
    <Cell><Data ss:Type="String">FTFCU\SVC_BIZTALK-ADPROD</Data></Cell>
    <Cell><Data ss:Type="String">#{ES_APIAuthUsername}</Data></Cell>
   </Row>
   <Row ss:AutoFitHeight="0" ss:Height="13.6875">
    <Cell><Data ss:Type="String">BiztalkServicesAuthGroup</Data></Cell>
    <Cell><Data ss:Type="String">SG_users_BizTalk-ADTestDev</Data></Cell>
    <Cell><Data ss:Type="String">SG_users_BizTalk-ADTestDev</Data></Cell>
    <Cell><Data ss:Type="String">SG_users_BizTalk-ADTestDev</Data></Cell>
    <Cell><Data ss:Type="String"> SG_users_BizTalk-ADTestQA</Data></Cell>
    <Cell><Data ss:Type="String">SG_users_BizTalk-ADSTG</Data></Cell>
    <Cell><Data ss:Type="String">SG_users_BizTalk-Production</Data></Cell>
    <Cell><Data ss:Type="String">#{ES_BiztalkServicesAuthGroup}</Data></Cell>
   </Row>
   <Row ss:AutoFitHeight="0" ss:Height="13.6875">
    <Cell><Data ss:Type="String">tracking_onewayports</Data></Cell>
    <Cell><Data ss:Type="Number">51</Data></Cell>
    <Cell><Data ss:Type="Number">51</Data></Cell>
    <Cell><Data ss:Type="Number">51</Data></Cell>
    <Cell><Data ss:Type="Number">51</Data></Cell>
    <Cell><Data ss:Type="Number">51</Data></Cell>
    <Cell><Data ss:Type="Number">48</Data></Cell>
    <Cell><Data ss:Type="String">#{ES_tracking_onewayports}</Data></Cell>
   </Row>
   <Row ss:AutoFitHeight="0" ss:Height="13.6875">
    <Cell><Data ss:Type="String">tracking_twowayports</Data></Cell>
    <Cell><Data ss:Type="Number">255</Data></Cell>
    <Cell><Data ss:Type="Number">255</Data></Cell>
    <Cell><Data ss:Type="Number">255</Data></Cell>
    <Cell><Data ss:Type="Number">255</Data></Cell>
    <Cell><Data ss:Type="Number">255</Data></Cell>
    <Cell><Data ss:Type="Number">240</Data></Cell>
    <Cell><Data ss:Type="String">#{ES_tracking_twowayports}</Data></Cell>
   </Row>
   <Row ss:AutoFitHeight="0" ss:Height="13.6875">
    <Cell><Data ss:Type="String">tracking_pipelines</Data></Cell>
    <Cell><Data ss:Type="String">ServiceStartEnd PipelineEvents MessageSendReceive InboundMessageBody OutboundMessageBody </Data></Cell>
    <Cell><Data ss:Type="String">ServiceStartEnd PipelineEvents MessageSendReceive InboundMessageBody OutboundMessageBody </Data></Cell>
    <Cell><Data ss:Type="String">ServiceStartEnd PipelineEvents MessageSendReceive InboundMessageBody OutboundMessageBody </Data></Cell>
    <Cell><Data ss:Type="String">ServiceStartEnd PipelineEvents MessageSendReceive InboundMessageBody OutboundMessageBody </Data></Cell>
    <Cell><Data ss:Type="String">ServiceStartEnd PipelineEvents MessageSendReceive InboundMessageBody OutboundMessageBody </Data></Cell>
    <Cell><Data ss:Type="String">ServiceStartEnd PipelineEvents MessageSendReceive</Data></Cell>
    <Cell><Data ss:Type="String">#{ES_tracking_pipelines}</Data></Cell>
   </Row>
   <Row ss:AutoFitHeight="0" ss:Height="13.6875">
    <Cell><Data ss:Type="String">tracking_orchestrations</Data></Cell>
    <Cell><Data ss:Type="String">ServiceStartEnd OrchestrationEvents MessageSendReceive TrackPropertiesForIncomingMessages TrackPropertiesForOutgoingMessages InboundMessageBody OutboundMessageBody</Data></Cell>
    <Cell><Data ss:Type="String">ServiceStartEnd OrchestrationEvents MessageSendReceive TrackPropertiesForIncomingMessages TrackPropertiesForOutgoingMessages InboundMessageBody OutboundMessageBody</Data></Cell>
    <Cell><Data ss:Type="String">ServiceStartEnd OrchestrationEvents MessageSendReceive TrackPropertiesForIncomingMessages TrackPropertiesForOutgoingMessages InboundMessageBody OutboundMessageBody</Data></Cell>
    <Cell><Data ss:Type="String">ServiceStartEnd OrchestrationEvents MessageSendReceive TrackPropertiesForIncomingMessages TrackPropertiesForOutgoingMessages InboundMessageBody OutboundMessageBody</Data></Cell>
    <Cell><Data ss:Type="String">ServiceStartEnd OrchestrationEvents MessageSendReceive TrackPropertiesForIncomingMessages TrackPropertiesForOutgoingMessages InboundMessageBody OutboundMessageBody</Data></Cell>
    <Cell><Data ss:Type="String">ServiceStartEnd OrchestrationEvents MessageSendReceive TrackPropertiesForIncomingMessages TrackPropertiesForOutgoingMessages</Data></Cell>
    <Cell><Data ss:Type="String">#{ES_tracking_orchestrations}</Data></Cell>
   </Row>
   <Row ss:Height="16.5">
    <Cell><Data ss:Type="String">FeatureSpaceThumbPrint</Data></Cell>
    <Cell ss:StyleID="s76"><Data ss:Type="String">ee1061ad1b0c9e7055534579c94a01b5e2b12ca4</Data></Cell>
    <Cell ss:StyleID="s76"><Data ss:Type="String">ee1061ad1b0c9e7055534579c94a01b5e2b12ca4</Data></Cell>
    <Cell ss:StyleID="s76"><Data ss:Type="String">ee1061ad1b0c9e7055534579c94a01b5e2b12ca4</Data></Cell>
    <Cell ss:StyleID="s76"><Data ss:Type="String">ee1061ad1b0c9e7055534579c94a01b5e2b12ca4</Data></Cell>
    <Cell ss:StyleID="s76"><Data ss:Type="String">ee1061ad1b0c9e7055534579c94a01b5e2b12ca4</Data></Cell>
    <Cell ss:StyleID="s76"><Data ss:Type="String">ee1061ad1b0c9e7055534579c94a01b5e2b12ca4</Data></Cell>
    <Cell ss:StyleID="s76"><Data ss:Type="String">#{ES_FeatureSpaceThumbPrint}</Data></Cell>
   </Row>
  </Table>
  <WorksheetOptions xmlns="urn:schemas-microsoft-com:office:excel">
   <PageSetup>
    <Layout x:Orientation="Landscape"/>
    <Header x:Margin="0.3"/>
    <Footer x:Margin="0.3"/>
    <PageMargins x:Bottom="0.25" x:Left="0.25" x:Right="0.25" x:Top="0.25"/>
   </PageSetup>
   <FitToPage/>
   <Print>
    <ValidPrinterInfo/>
    <Scale>81</Scale>
    <HorizontalResolution>600</HorizontalResolution>
    <VerticalResolution>600</VerticalResolution>
   </Print>
   <Zoom>90</Zoom>
   <Selected/>
   <FreezePanes/>
   <FrozenNoSplit/>
   <SplitHorizontal>6</SplitHorizontal>
   <TopRowBottomPane>6</TopRowBottomPane>
   <ActivePane>2</ActivePane>
   <Panes>
    <Pane>
     <Number>3</Number>
    </Pane>
    <Pane>
     <Number>2</Number>
     <ActiveRow>23</ActiveRow>
    </Pane>
   </Panes>
   <ProtectObjects>False</ProtectObjects>
   <ProtectScenarios>False</ProtectScenarios>
  </WorksheetOptions>
 </Worksheet>
</Workbook>
